SMILES,Name,pChEMBL,IC50_nM,NR-AhR,hERG,DILI,ClinTox,AMES,CYP1A2_Veith,CYP2D6_Veith,CYP3A4_Veith,CYP2C9_Veith,SR-ARE,SR-MMP,NR-AR,BBB_Martins,HIA_Hou
COc1cc2ncnc(Nc3cccc(Br)c3)c2cc1OC,CHEMBL29197,10.60,0.0,0.9648,0.7718,0.9509,0.1751,0.6342,0.9861,0.2901,0.8645,0.0889,0.555,0.5199,0.0602,0.7692,1.0
CN(C)c1cc2ncnc(Nc3cccc(Br)c3)c2cn1,CHEMBL53428,10.05,0.1,0.9785,0.8201,0.9609,0.3836,0.6738,0.9953,0.4916,0.7216,0.018,0.6441,0.5681,0.0452,0.7059,0.9999
Nc1ccc2c(Nc3cccc(Br)c3)ncnc2c1,CHEMBL420624,10.00,0.1,0.9934,0.7953,0.9324,0.1976,0.8361,0.9963,0.7612,0.9449,0.1322,0.868,0.8921,0.0726,0.6349,1.0
Nc1cc2c(Nc3cccc(Br)c3)ncnc2cn1,CHEMBL51853,9.89,0.1,0.9848,0.6627,0.9582,0.2485,0.6841,0.9884,0.375,0.8695,0.0596,0.7354,0.6987,0.0463,0.5651,1.0
CNc1cc2ncnc(Nc3cccc(Br)c3)c2cn1,CHEMBL54400,9.89,0.1,0.9821,0.7692,0.9664,0.3233,0.6549,0.9936,0.4812,0.8383,0.022,0.6539,0.5737,0.0432,0.6471,1.0
C=CC(=O)N(C)c1cc2c(Nc3cccc(Br)c3)ncnc2cn1,CHEMBL334697,9.77,0.2,0.9325,0.5742,0.9726,0.2945,0.2462,0.9284,0.3494,0.7831,0.4259,0.8229,0.7933,0.0598,0.3505,0.9992
OCCNc1cc2ncnc(Nc3cccc(Br)c3)c2cn1,CHEMBL127041,9.62,0.2,0.9493,0.6636,0.9722,0.4349,0.4227,0.9381,0.2653,0.5339,0.027,0.6087,0.4621,0.0357,0.466,0.9987
Brc1cccc(Nc2ncnc3cnc(NCCc4c[nH]cn4)nc23)c1,CHEMBL53426,9.60,0.2,0.9917,0.8399,0.9921,0.3166,0.3759,0.9938,0.5674,0.985,0.3317,0.8346,0.7083,0.0152,0.2865,0.9999
Nc1ccc2sc3c(Nc4cccc(Br)c4)ncnc3c2c1,CHEMBL152905,9.57,0.3,0.9949,0.7643,0.9804,0.118,0.8703,0.9921,0.5667,0.8898,0.3184,0.9722,0.9792,0.0741,0.5166,1.0
O=C(O)CCCNc1cc2ncnc(Nc3cccc(Br)c3)c2cn1,CHEMBL128468,9.55,0.3,0.8389,0.5329,0.9712,0.652,0.2166,0.6088,0.1383,0.1581,0.0343,0.4427,0.221,0.0507,0.424,0.9525
O=C(O)/C=C/C(=O)Nc1ccc2ncnc(Nc3cccc(Br)c3)c2c1,CHEMBL134371,9.43,0.4,0.7853,0.3489,0.9761,0.3998,0.255,0.4121,0.1356,0.2338,0.3373,0.7878,0.6692,0.1039,0.1452,0.803
Cn1ncc2cc3c(Nc4cccc(Br)c4)ncnc3cc21,CHEMBL39320,9.43,0.4,0.9884,0.8186,0.9627,0.2671,0.8165,0.9966,0.5276,0.9361,0.0646,0.7002,0.585,0.0603,0.7826,1.0
Brc1cccc(Nc2ncnc3cc4[nH]ccc4cc23)c1,CHEMBL40734,9.41,0.4,0.9924,0.7742,0.9481,0.197,0.7742,0.9964,0.7724,0.9336,0.205,0.9021,0.914,0.0792,0.623,1.0
C=CS(=O)(=O)c1cc2c(Nc3cccc(Br)c3)ncnc2cn1,CHEMBL336264,9.37,0.4,0.8216,0.5238,0.983,0.2437,0.2627,0.9456,0.257,0.6829,0.4525,0.6678,0.5727,0.0345,0.5449,0.9992
CN(C)CCCNC(=O)/C=C/C(=O)Nc1ccc2ncnc(Nc3cccc(Br)c3)c2c1,CHEMBL345109,9.36,0.4,0.6268,0.8069,0.8916,0.743,0.6248,0.2441,0.1927,0.3324,0.0897,0.5372,0.3084,0.1261,0.4162,0.8764
Brc1cccc(Nc2ncnc3cc4[nH]ncc4cc23)c1,CHEMBL39337,9.36,0.4,0.9899,0.7346,0.9553,0.2124,0.6023,0.9949,0.6927,0.9708,0.1918,0.8141,0.7882,0.0516,0.4953,1.0
CCN(CC)CC(O)CNC(=O)c1cc(C)c(/C=C2\C(=O)Nc3ncnc(Nc4ccc(F)c(Cl)c4)c32)[nH]1,CHEMBL304271,9.35,0.5,0.591,0.9233,0.9284,0.7772,0.6256,0.358,0.3459,0.5296,0.2135,0.43,0.2265,0.0543,0.4951,0.9459
Cl.Nc1ccc2c(c1)sc1c(Nc3cccc(Br)c3)ncnc12,CHEMBL539822,9.33,0.5,0.9939,0.7916,0.9744,0.1469,0.8888,0.9907,0.708,0.869,0.2747,0.9773,0.9814,0.0762,0.5105,1.0
C/C=C/C(=O)Nc1cc2c(Nc3cccc(Br)c3)ncnc2cn1,CHEMBL136404,9.30,0.5,0.9695,0.6082,0.9909,0.2873,0.4185,0.9478,0.197,0.6966,0.2557,0.8594,0.8405,0.0563,0.3452,0.9986
Brc1cccc(Nc2ncnc3cc(NCCCn4ccnc4)ncc23)c1,CHEMBL126791,9.29,0.5,0.9913,0.9302,0.9653,0.2527,0.3847,0.9971,0.9728,0.9991,0.4392,0.8184,0.7248,0.0221,0.263,1.0
C/C=C/C(=O)Nc1ccc2ncnc(Nc3cccc(Br)c3)c2c1,CHEMBL93464,9.26,0.6,0.9571,0.6552,0.9734,0.2093,0.4893,0.925,0.3612,0.777,0.4284,0.8888,0.9144,0.0828,0.3586,0.9994
O=C(/C=C/C(=O)Nc1cc2c(Nc3cccc(Br)c3)ncnc2cn1)NCCCn1ccnc1,CHEMBL342828,9.25,0.6,0.951,0.8454,0.9879,0.3037,0.1592,0.8725,0.7525,0.9936,0.8761,0.9328,0.8794,0.0299,0.0945,0.9997
O=C(/C=C/C(=O)Nc1cc2c(Nc3ccc(F)c(Cl)c3)ncnc2cn1)NCCCN1CCOCC1,CHEMBL138940,9.21,0.6,0.5975,0.8564,0.9714,0.7921,0.5123,0.1156,0.1747,0.5356,0.2298,0.6721,0.3372,0.1094,0.3248,0.9042
O=C(O)CCNc1cc2ncnc(Nc3cccc(Br)c3)c2cn1,CHEMBL127086,9.21,0.6,0.7934,0.4505,0.9701,0.645,0.185,0.5121,0.1103,0.1188,0.0251,0.3759,0.151,0.0488,0.4186,0.9417
O=C(/C=C/Cl)Nc1cc2c(Nc3cccc(Br)c3)ncnc2cn1,CHEMBL344177,9.16,0.7,0.9668,0.5644,0.9922,0.2834,0.5819,0.94,0.2042,0.6641,0.2915,0.9198,0.8958,0.0535,0.3147,0.9975
C=CC(=O)Nc1ccc2ncnc(Nc3cccc(Br)c3)c2c1,CHEMBL285063,9.15,0.7,0.9473,0.595,0.9582,0.2348,0.4591,0.9015,0.4417,0.7386,0.43,0.924,0.9366,0.0992,0.2677,0.9975
CCN(CC)CCCNC(=O)/C=C/C(=O)Nc1cc2c(Nc3cccc(Br)c3)ncnc2cn1,CHEMBL434827,9.14,0.7,0.6879,0.861,0.9204,0.8199,0.6182,0.4586,0.4084,0.4126,0.1157,0.6204,0.3219,0.1005,0.5095,0.8902
CN(CC(=O)O)Cc1c[nH]c2cc3ncnc(Nc4cccc(Br)c4)c3cc12,CHEMBL289213,9.14,0.7,0.8448,0.7386,0.9162,0.6393,0.3389,0.7089,0.4597,0.4376,0.2466,0.5565,0.3585,0.066,0.4279,0.9221
[O-][N+]1(CCCNc2cc3ncnc(Nc4cccc(Br)c4)c3cn2)CCOCC1,CHEMBL339416,9.13,0.7,0.5987,0.7532,0.3065,0.0332,0.2544,0.2857,0.234,0.2516,0.0024,0.3842,0.0604,0.1049,0.1823,0.2022
CNc1ncc2ncnc(Nc3cccc(Br)c3)c2n1,CHEMBL299622,9.12,0.8,0.9937,0.7918,0.9864,0.3233,0.7086,0.9979,0.4134,0.8821,0.1189,0.8403,0.7727,0.0339,0.6507,0.9999
C=CS(=O)(=O)Nc1cc2c(Nc3cccc(Br)c3)ncnc2cn1,CHEMBL139095,9.12,0.8,0.8935,0.5311,0.9806,0.2991,0.1873,0.9081,0.3491,0.8017,0.3478,0.7119,0.6492,0.0406,0.3309,0.9991
Nc1ccc2ncnc(Nc3cccc(Br)c3)c2c1,CHEMBL52765,9.11,0.8,0.9948,0.7973,0.9374,0.1793,0.8649,0.9975,0.7818,0.9651,0.1759,0.8784,0.8945,0.0695,0.642,1.0
Cn1ccc2cc3c(Nc4cccc(Br)c4)ncnc3cc21,CHEMBL36727,9.10,0.8,0.9906,0.8453,0.9358,0.2314,0.8638,0.9974,0.8003,0.9523,0.1319,0.8355,0.8096,0.081,0.782,1.0
O=C(/C=C/C(=O)Nc1cc2c(Nc3cccc(Br)c3)ncnc2cn1)NCCCN1CCOCC1,CHEMBL136058,9.09,0.8,0.6171,0.8629,0.9678,0.7883,0.4811,0.1627,0.2187,0.5419,0.2521,0.6376,0.2842,0.1004,0.3805,0.9161
Brc1cccc(Nc2ncnc3cnc(NCCN4CCOCC4)nc23)c1,CHEMBL294475,9.09,0.8,0.9732,0.9478,0.9825,0.7312,0.7124,0.9684,0.3719,0.8711,0.1349,0.724,0.2673,0.041,0.7786,0.9996
C=CC(=O)Nc1cc2c(Nc3cccc(Br)c3)ncnc2cn1,CHEMBL51659,9.04,0.9,0.9638,0.5587,0.9835,0.3464,0.3875,0.9206,0.2734,0.67,0.2749,0.906,0.8761,0.0708,0.2594,0.9952
Brc1cccc(Nc2ncnc3cc(NCCc4c[nH]cn4)ncc23)c1,CHEMBL338114,9.04,0.9,0.9708,0.7978,0.9822,0.301,0.2842,0.9684,0.5561,0.9759,0.0814,0.6193,0.4496,0.0181,0.2464,1.0
OCC(O)CNc1cc2ncnc(Nc3cccc(Br)c3)c2cn1,CHEMBL126372,9.04,0.9,0.9147,0.7234,0.9564,0.4827,0.293,0.8363,0.2626,0.5839,0.0302,0.5003,0.2731,0.0353,0.4417,0.9969
CN(C)c1ncc2ncnc(Nc3cccc(Br)c3)c2n1,CHEMBL53777,9.02,0.9,0.986,0.7704,0.9875,0.2922,0.6024,0.9969,0.2679,0.7222,0.1156,0.7503,0.6602,0.0289,0.7362,1.0
COc1cc2ncnc(Nc3ccc(F)c(Cl)c3)c2cc1OCCCN1CCOCC1,CHEMBL939,9.00,1.0,0.8152,0.9644,0.8895,0.7629,0.6037,0.5472,0.3645,0.8007,0.0934,0.5657,0.2446,0.1,0.8216,0.9997
C#Cc1cccc(Nc2ncnc3cc(OCCOC)c(OCCOC)cc23)c1,CHEMBL553,9.00,1.0,0.892,0.8063,0.9722,0.3043,0.5187,0.6143,0.0907,0.8594,0.2411,0.7227,0.5687,0.1046,0.4285,0.9997
Cc1cccc(Nc2cc(NCCO)ncn2)c1,CHEMBL415738,9.00,1.0,0.8209,0.503,0.8204,0.2505,0.4884,0.8219,0.1856,0.2103,0.014,0.2784,0.2066,0.0221,0.7057,0.9998
Nc1cc2sc3c(Nc4cccc(Br)c4)ncnc3c2cc1F,CHEMBL153573,9.00,1.0,0.9919,0.7291,0.9829,0.1228,0.8498,0.9826,0.4273,0.8119,0.3026,0.9689,0.977,0.0751,0.5104,1.0
Cc1cc(C(=O)NCCN2CCOCC2)[nH]c1/C=C1\C(=O)Nc2ncnc(Nc3ccc4c(ccn4Cc4ccccc4)c3)c21,CHEMBL264382,8.96,1.1,0.7351,0.9758,0.9847,0.7705,0.5732,0.0917,0.1829,0.8307,0.5875,0.7307,0.5375,0.0507,0.4291,0.9961
CN(C)CCCNC(=O)/C=C/C(=O)Nc1cc2c(Nc3cccc(Br)c3)ncnc2cn1,CHEMBL334801,8.96,1.1,0.6773,0.7564,0.9499,0.784,0.5993,0.2866,0.1472,0.2914,0.0505,0.5344,0.2457,0.1069,0.3685,0.8473
C=C/C=C/C(=O)Nc1cc2c(Nc3cccc(Br)c3)ncnc2cn1,CHEMBL139044,8.96,1.1,0.9601,0.5349,0.9873,0.2834,0.472,0.8991,0.235,0.7175,0.374,0.9375,0.908,0.0707,0.2139,0.9958
CCO.CNc1ccc2sc3c(Nc4cccc(Br)c4)ncnc3c2c1,CHEMBL358934,8.96,1.1,0.9824,0.8193,0.9848,0.1875,0.6595,0.9286,0.4179,0.7111,0.3698,0.9464,0.9661,0.0538,0.3973,0.9998
CCN(CC)CCNC(=O)c1cc(C)c(/C=C2\C(=O)Nc3ncnc(Nc4ccc(F)c(Cl)c4)c32)[nH]1,CHEMBL69358,8.92,1.2,0.7435,0.9198,0.9499,0.8031,0.8108,0.5677,0.2964,0.4889,0.1079,0.5464,0.335,0.0656,0.634,0.9796
CC(=O)/C=C/C(=O)Nc1ccc2ncnc(Nc3cccc(Br)c3)c2c1,CHEMBL136178,8.92,1.2,0.9117,0.5776,0.9777,0.2185,0.4971,0.8008,0.2926,0.6959,0.4434,0.907,0.9033,0.0948,0.2788,0.9963
C=C(C)C(=O)Nc1ccc2ncnc(Nc3cccc(Br)c3)c2c1,CHEMBL92086,8.92,1.2,0.964,0.7193,0.9621,0.2344,0.4077,0.9674,0.5011,0.8748,0.4588,0.8483,0.865,0.0799,0.4737,0.9998
